,Var Plan,Sales Region,Period,IT Area,IT Sub Area,Country/Region
0,938078.889,Europe,12,Infrastructure,Productivity,Spain
1,798012.3029999998,Europe,11,Infrastructure,Productivity,Spain
2,744122.3280000001,Europe,12,Infrastructure,Networking,Ireland
3,741835.1159999999,Europe,10,Infrastructure,Productivity,Spain
4,670309.83,Europe,11,Infrastructure,Networking,Ireland
5,650642.589,Europe,12,Governance,Administration,United Kingdom
6,648433.1039999999,Europe,9,Infrastructure,Productivity,Spain
7,609374.709,Europe,10,Infrastructure,Networking,Ireland
8,605649.7499999999,Europe,8,Infrastructure,Productivity,Spain
9,599519.9159999999,Europe,7,Infrastructure,Productivity,Spain
10,597551.1780000001,Europe,12,Infrastructure,Help Desk,United Kingdom
11,597215.412,Europe,11,Governance,Administration,United Kingdom
12,573211.4639999996,Europe,12,Functional,R3,United Kingdom
13,556325.2589999995,Europe,12,Infrastructure,Productivity,Germany
14,548132.106,Europe,11,Infrastructure,Help Desk,United Kingdom
15,547809.495,Europe,10,Infrastructure,Help Desk,United Kingdom
16,543990.5819999999,Europe,9,Infrastructure,Networking,Ireland
17,543633.789,Europe,10,Governance,Administration,United Kingdom
18,535870.4819999995,Europe,11,Functional,R3,United Kingdom
19,501736.38,Europe,9,Governance,Administration,United Kingdom
20,490408.218,Europe,7,Infrastructure,Help Desk,United Kingdom
21,486291.8909999997,Europe,10,Functional,R3,United Kingdom
22,479490.582,Europe,8,Infrastructure,Networking,Ireland
23,476133.88199999975,Europe,9,Functional,R3,United Kingdom
24,471805.0079999999,Europe,6,Infrastructure,Productivity,Spain
25,467957.61,Europe,9,Infrastructure,Help Desk,United Kingdom
26,446875.191,Europe,8,Governance,Administration,United Kingdom
27,440376.705,Europe,11,Infrastructure,Productivity,Germany
28,414990.582,Europe,7,Infrastructure,Networking,Ireland
29,407491.56000000006,Europe,8,Infrastructure,Help Desk,United Kingdom
30,400971.4049999999,Europe,8,Functional,R3,United Kingdom
31,394041.82200000016,Europe,12,Infrastructure,Productivity,United Kingdom
32,393837.72,Europe,7,Governance,Administration,United Kingdom
33,390714.723,Europe,10,Infrastructure,Productivity,Germany
34,383395.629,Europe,9,Infrastructure,Productivity,Germany
35,358529.079,Europe,6,Infrastructure,Networking,Ireland
36,354498.7469999999,Europe,7,Functional,R3,United Kingdom
37,347880.74999999977,Europe,8,Infrastructure,Productivity,Germany
38,342997.6919999999,Europe,12,Enablement,Mobility,United Kingdom
39,342195.216,Europe,6,Functional,R3,United Kingdom
40,339598.356,Europe,6,Infrastructure,Help Desk,United Kingdom
41,338323.308,Europe,6,Governance,Administration,United Kingdom
42,328628.874,Europe,5,Functional,R3,United Kingdom
43,323064.606,Europe,11,Enablement,Mobility,United Kingdom
44,308220.585,Europe,10,Enablement,Mobility,United Kingdom
45,290402.79299999995,Europe,12,Infrastructure,Networking,Switzerland
46,283095.123,Europe,9,Enablement,Mobility,United Kingdom
47,282849.633,Europe,5,Governance,Administration,United Kingdom
48,282805.203,Europe,7,Infrastructure,Productivity,Germany
49,269004.89699999994,Europe,4,Functional,R3,United Kingdom
50,268233.62999999995,Europe,8,Enablement,Mobility,United Kingdom
51,259254.3029999999,Europe,6,Infrastructure,Productivity,Germany
52,254028.666,Europe,11,Infrastructure,Networking,Switzerland
53,252485.65199999989,Europe,12,Governance,GRC,Germany
54,251392.977,Europe,7,Enablement,Mobility,United Kingdom
55,247177.4879999999,Europe,11,Infrastructure,Productivity,United Kingdom
56,241944.909,Europe,3,Functional,R3,United Kingdom
57,239894.178,Europe,11,Governance,GRC,Germany
58,233708.493,Europe,10,Infrastructure,Productivity,United Kingdom
59,230571.339,Europe,4,Infrastructure,Networking,Ireland
60,230571.339,Europe,5,Infrastructure,Networking,Ireland
61,230400.081,Europe,5,Infrastructure,Productivity,Spain
62,230056.00499999995,Europe,4,Infrastructure,Productivity,United Kingdom
63,226260.55500000063,Europe,12,BU Support,Manufacturing,France
64,225496.026,Europe,10,Infrastructure,Networking,Switzerland
65,224127.366,Europe,4,Governance,Administration,United Kingdom
66,222064.632,Europe,5,Infrastructure,Help Desk,United Kingdom
67,220100.889,Europe,6,Enablement,Mobility,United Kingdom
68,218214.77700000003,Europe,9,Infrastructure,Networking,Switzerland
69,213241.63799999995,Europe,12,BU Support,Planning,United Kingdom
70,212928.102,Europe,5,Enablement,Mobility,United Kingdom
71,211078.056,Europe,10,Governance,GRC,Germany
72,195449.007,Europe,9,Governance,GRC,Germany
73,188888.67299999984,Europe,8,Governance,GRC,Germany
74,188733.58199999997,Europe,7,Governance,GRC,Germany
75,184387.188,Europe,11,BU Support,Planning,United Kingdom
76,177843.01799999998,Europe,4,Enablement,Mobility,United Kingdom
77,174841.284,Europe,8,Infrastructure,Networking,Switzerland
78,173479.545,Europe,3,Infrastructure,Networking,Ireland
79,170148.11999999994,Europe,6,Governance,GRC,Germany
80,168443.235,Europe,3,Governance,Administration,United Kingdom
81,162247.34099999967,Europe,9,Infrastructure,Productivity,United Kingdom
82,161724.83999999962,Europe,12,Functional,R1,Belgium
83,161660.76599999983,Europe,9,BU Support,Manufacturing,France
84,161037.61499999996,Europe,12,Infrastructure,Core Infrastructure,Switzerland
85,157460.2679999999,Europe,3,Infrastructure,Productivity,United Kingdom
86,157168.953,Europe,7,Infrastructure,Networking,Switzerland
87,156397.25699999993,Europe,10,BU Support,Planning,United Kingdom
88,156054.201,Europe,3,Enablement,Mobility,United Kingdom
89,153700.30500000008,Europe,12,BU Support,Distribution,Germany
90,137268.7410000004,Europe,10,BU Support,Manufacturing,France
91,135228.94199999998,Europe,11,BU Support,Distribution,Germany
92,134976.04799999995,Europe,4,Infrastructure,Productivity,Spain
93,129738.05699999996,Europe,9,BU Support,Planning,United Kingdom
94,127994.427,Europe,6,Infrastructure,Networking,Switzerland
95,122517.66,Europe,2,Infrastructure,Networking,Ireland
96,121676.415,Europe,2,Enablement,Data Management,Germany
97,117776.865,Europe,11,Functional,R1,Belgium
98,117673.584,Europe,10,BU Support,Distribution,Germany
99,116252.745,Europe,2,Enablement,Mobility,United Kingdom
100,112822.755,Europe,2,Governance,Administration,United Kingdom
101,112490.71799999996,Europe,8,BU Support,Planning,United Kingdom
102,111698.442,Europe,3,Infrastructure,Productivity,Spain
103,111413.72100000002,Europe,5,Governance,GRC,Germany
104,111170.439,Europe,12,Infrastructure,Hosting,United Kingdom
105,110402.943,Europe,12,BU Support,Distribution,Belgium
106,106662.537,Europe,12,BU Support,Manufacturing,Spain
107,106594.24800000014,Europe,11,BU Support,Manufacturing,France
108,106440.798,Europe,12,BU Support,Distribution,Italy
109,106419.099,Europe,11,BU Support,Manufacturing,Spain
110,104669.91599999992,Europe,5,Infrastructure,Productivity,Germany
111,103958.703,Europe,4,Infrastructure,Help Desk,United Kingdom
112,102822.474,Europe,11,Infrastructure,Hosting,United Kingdom
113,102713.29199999978,Europe,8,Infrastructure,Productivity,United Kingdom
114,102599.73599999998,Europe,9,BU Support,Distribution,Germany
115,99694.33799999996,Europe,7,BU Support,Planning,United Kingdom
116,99059.829,Europe,3,Infrastructure,Help Desk,Ireland
117,98177.394,Europe,12,Functional,R1,United Kingdom
118,95780.703,Europe,5,Infrastructure,Networking,Switzerland
119,94898.08800000002,Europe,10,Infrastructure,Hosting,United Kingdom
120,93959.739,Europe,12,BU Support,Distribution,Switzerland
121,93862.971,Europe,1,Enablement,Data Management,Germany
122,92030.38199999998,Europe,11,BU Support,Distribution,Italy
123,91532.87099999996,Europe,10,BU Support,Manufacturing,Spain
124,88929.603,Europe,3,Governance,GRC,Germany
125,87508.896,Europe,5,Enablement,Data Management,Germany
126,86309.09700000001,Europe,8,BU Support,Distribution,Germany
127,85499.58299999997,Europe,12,BU Support,Distribution,United Kingdom
128,84455.616,Europe,6,BU Support,Planning,United Kingdom
129,84439.653,Europe,9,Infrastructure,Hosting,United Kingdom
130,83604.618,Europe,11,BU Support,Distribution,Switzerland
131,83453.2080000001,Europe,10,Functional,R1,Belgium
132,83427.04800000001,Europe,4,Infrastructure,Networking,Switzerland
133,82522.33799999996,Europe,12,Functional,R3,Germany
134,82375.257,Europe,7,BU Support,Distribution,Germany
135,81441.01800000001,Europe,11,Enablement,Enterprise Capabilities,Spain
136,81224.01599999999,Europe,10,BU Support,Distribution,Italy
137,80769.3239999999,Europe,9,BU Support,Manufacturing,Spain
138,79062.44699999999,Europe,4,Governance,GRC,Germany
139,77898.63900000001,Europe,8,Infrastructure,Hosting,United Kingdom
140,77452.599,Europe,11,Functional,R1,United Kingdom
141,77330.682,Europe,12,Functional,R2,France
142,77020.04399999998,Europe,4,Enablement,Data Management,Germany
143,76970.601,Europe,12,BU Support,Emerging,Switzerland
144,75558.17400000001,Europe,11,BU Support,Distribution,Belgium
145,72966.71399999999,Europe,10,BU Support,Distribution,Switzerland
146,72477.77099999992,Europe,3,Infrastructure,Productivity,Germany
147,71733.86400000006,Europe,3,BU Support,Manufacturing,France
148,71097.417,Europe,11,BU Support,Emerging,Switzerland
149,70052.397,Europe,7,Infrastructure,Hosting,United Kingdom
150,69273.993,Europe,6,BU Support,Distribution,Germany
151,69091.24500000001,Europe,10,Enablement,Enterprise Capabilities,Spain
152,65798.89199999996,Europe,5,BU Support,Planning,United Kingdom
153,65603.109,Europe,2,Infrastructure,Help Desk,Ireland
154,65055.798,Europe,9,BU Support,Distribution,Switzerland
155,64941.33600000001,Europe,9,Enablement,Enterprise Capabilities,Spain
156,64925.816999999966,Europe,9,BU Support,Distribution,Italy
157,63571.635000000126,Europe,11,Infrastructure,Productivity,Italy
158,63457.62300000001,Europe,10,BU Support,Distribution,Belgium
159,62032.671,Europe,11,Governance,Other,Switzerland
160,61789.524000000005,Europe,12,Enablement,Enterprise Capabilities,Spain
161,61572.333,Europe,11,Infrastructure,Core Infrastructure,Switzerland
162,61333.52399999992,Europe,8,BU Support,Manufacturing,Spain
163,61316.56199999999,Europe,10,BU Support,Emerging,Switzerland
164,61315.56299999999,Europe,9,BU Support,Emerging,Switzerland
165,61196.046,Europe,6,Infrastructure,Hosting,United Kingdom
166,59723.8769999994,Europe,8,BU Support,Manufacturing,France
167,57091.560000000005,Europe,1,Infrastructure,Networking,Ireland
168,55939.137,Europe,8,BU Support,Distribution,Switzerland
169,55936.974,Europe,10,Functional,R1,United Kingdom
170,55301.94600000001,Europe,9,BU Support,Distribution,Belgium
171,54801.74699999997,Europe,8,BU Support,Distribution,Italy
172,54786.672,Europe,1,Governance,Administration,United Kingdom
173,53629.74900000002,Europe,8,BU Support,Distribution,Belgium
174,52262.05499999998,Europe,11,Functional,R3,Germany
175,52047.49499999999,Europe,11,Functional,R3,Spain
176,51681.762,Europe,7,BU Support,Distribution,Switzerland
177,51587.00399999999,Europe,3,Infrastructure,Networking,Switzerland
178,51161.35500000001,Europe,8,Enablement,Enterprise Capabilities,Spain
179,51094.101,Europe,5,Infrastructure,Hosting,United Kingdom
180,49998.075,Europe,7,Enablement,Enterprise Capabilities,Spain
181,49351.00199999999,Europe,3,Infrastructure,Help Desk,United Kingdom
182,48846.618,Europe,12,Infrastructure,Core Infrastructure,Austria
183,48651.882,Europe,10,Infrastructure,Core Infrastructure,Switzerland
184,48443.18999999994,Europe,4,Infrastructure,Productivity,Germany
185,48395.02499999998,Europe,10,Functional,R3,Germany
186,48222.882,Europe,5,BU Support,Distribution,Germany
187,47337.09299999997,Europe,9,Functional,R3,Germany
188,46796.74500000005,Europe,12,Infrastructure,Productivity,Belgium
189,46686.362999999976,Europe,7,BU Support,Distribution,Italy
190,46344.882,Europe,12,Infrastructure,Productivity,Denmark
191,46267.512,Europe,7,BU Support,Emerging,Switzerland
192,46267.512,Europe,8,BU Support,Emerging,Switzerland
193,46265.565,Europe,6,BU Support,Emerging,Switzerland
194,45724.926,Europe,5,Enablement,Enterprise Capabilities,Spain
195,45610.434,Europe,2,Infrastructure,Productivity,Spain
196,45594.921,Europe,9,Infrastructure,Core Infrastructure,Switzerland
197,45497.21399999998,Europe,4,BU Support,Planning,United Kingdom
198,45139.78499999999,Europe,4,Infrastructure,Productivity,Austria
199,44971.32,Europe,10,Functional,R3,Spain
200,44696.47799999997,Europe,3,Infrastructure,Data Centers,Ireland
201,44672.11800000001,Europe,7,BU Support,Distribution,Belgium
202,43503.68099999992,Europe,7,BU Support,Manufacturing,Spain
203,42994.35599999999,Europe,12,Infrastructure,Productivity,Portugal
204,42745.88999999999,Europe,9,Functional,R3,Spain
205,42634.68600000001,Europe,6,Enablement,Enterprise Capabilities,Spain
206,42563.59499999992,Europe,11,BU Support,Manufacturing,Germany
207,42263.49299999996,Europe,12,BU Support,Manufacturing,Germany
208,42136.34099999999,Europe,8,Functional,R3,Germany
209,41985.36899999999,Europe,3,Infrastructure,Productivity,Austria
210,41657.343,Europe,4,Infrastructure,Hosting,United Kingdom
211,41484.399,Europe,10,BU Support,Development,Belgium
212,41071.982999999775,Europe,7,Infrastructure,Productivity,United Kingdom
213,40879.749,Europe,8,Infrastructure,Core Infrastructure,Switzerland
214,40526.271,Europe,6,BU Support,Distribution,Switzerland
215,39796.932,Europe,2,Infrastructure,Networking,Switzerland
216,38987.27999999999,Europe,11,BU Support,Development,Belgium
217,38353.695,Europe,8,BU Support,Distribution,Czech Republic
218,38089.85699999998,Europe,9,BU Support,Development,Belgium
219,37132.794,Europe,12,BU Support,Development,Germany
220,37070.673,Europe,11,Functional,R2,France
221,36446.20799999999,Europe,12,Functional,R3,Spain
222,36328.506,Europe,2,Governance,GRC,Germany
223,36238.083,Europe,3,Enablement,Data Management,Germany
224,35927.477999999945,Europe,10,BU Support,Manufacturing,Germany
225,35823.627,Europe,11,BU Support,Development,Germany
226,35399.471999999994,Europe,8,Functional,R3,Spain
227,35381.19599999999,Europe,6,BU Support,Distribution,Italy
228,35351.205,Europe,9,Functional,R1,United Kingdom
229,35199.338999999985,Europe,10,Enablement,Data Management,Germany
230,34545.564,Europe,7,Infrastructure,Core Infrastructure,Switzerland
231,34476.78299999999,Europe,7,Functional,R3,Germany
232,34431.489,Europe,10,BU Support,Development,Germany
233,34085.49599999998,Europe,9,Enablement,Data Management,Germany
234,33860.47199999995,Europe,6,BU Support,Manufacturing,Spain
235,33818.55599999998,Europe,2,Infrastructure,Data Centers,Ireland
236,33787.995,Europe,3,Infrastructure,Hosting,United Kingdom
237,33543.414,Europe,8,Functional,R1,Hungary
238,33535.541999999994,Europe,1,Enablement,Mobility,United Kingdom
239,33530.55,Europe,7,Functional,R3,Spain
240,33075.726,Europe,9,BU Support,Development,Germany
241,33039.545999999995,Europe,12,BU Support,Development,Belgium
242,32666.03699999997,Europe,11,Enablement,Data Management,Germany
243,32402.352000000035,Europe,1,Infrastructure,Productivity,Switzerland
244,32345.600999999973,Europe,8,Enablement,Data Management,Germany
245,32317.809,Europe,1,Infrastructure,Help Desk,Ireland
246,32135.37299999997,Europe,12,Enablement,Data Management,Germany
247,31813.728000000003,Europe,5,BU Support,Distribution,Switzerland
248,31686.042,Europe,4,BU Support,Emerging,Switzerland
249,31686.042,Europe,5,BU Support,Emerging,Switzerland
250,31685.082,Europe,3,BU Support,Emerging,Switzerland
251,31658.550000000003,Europe,8,BU Support,Development,Germany
252,31620.725999999988,Europe,11,Functional,R1,Austria
253,31579.073999999997,Europe,5,Functional,R3,Spain
254,31233.878999999997,Europe,12,Enablement,Innovation,Austria
255,31155.258,Europe,9,Functional,R1,Austria
256,31058.85899999999,Europe,10,Functional,R1,Austria
257,31055.948999999997,Europe,9,Functional,R2,France
258,31055.948999999997,Europe,10,Functional,R2,France
259,31043.54699999998,Europe,7,Enablement,Data Management,Germany
260,30629.891999999996,Europe,6,Functional,R3,Spain
261,30331.332,Europe,6,Infrastructure,Core Infrastructure,Switzerland
262,30254.628,Europe,7,BU Support,Development,Germany
263,30155.840999999997,Europe,2,BU Support,Distribution,United Kingdom
264,29791.173,Europe,12,Infrastructure,Productivity,Poland
265,29521.8,Europe,12,Infrastructure,Productivity,Sweden
266,29493.882,Europe,4,BU Support,Distribution,Germany
267,29462.964,Europe,10,Governance,Other,Switzerland
268,29041.401,Europe,8,BU Support,Development,Belgium
269,28906.421999999977,Europe,6,Enablement,Data Management,Germany
270,28887.73499999996,Europe,9,BU Support,Manufacturing,Germany
271,28839.612,Europe,6,BU Support,Development,Germany
272,28408.152,Europe,6,Functional,R3,Germany
273,28274.904,Europe,2,BU Support,Distribution,Switzerland
274,28194.918,Europe,5,BU Support,Distribution,Italy
275,28162.203000000005,Europe,7,BU Support,Development,Belgium
276,28099.601999999897,Europe,1,BU Support,Manufacturing,France
277,27621.519000000004,Europe,11,Infrastructure,Productivity,Denmark
278,27396.077999999998,Europe,6,BU Support,Distribution,Belgium
279,27318.891,Europe,7,Functional,R2,France
280,27318.891,Europe,8,Functional,R2,France
281,27139.958999999988,Europe,4,Infrastructure,Productivity,Belgium
282,26915.124,Europe,5,Functional,R2,France
283,26915.124,Europe,6,Functional,R2,France
284,26824.557,Europe,12,Infrastructure,Productivity,Czech Republic
285,26755.433999999423,Europe,7,BU Support,Manufacturing,France
286,26675.063999999988,Europe,2,BU Support,Planning,United Kingdom
287,26566.605,Europe,12,Functional,R3,Portugal
288,26204.742,Europe,2,Infrastructure,Hosting,United Kingdom
289,25811.829,Europe,12,BU Support,Distribution,Portugal
290,25679.73,Europe,11,Infrastructure,Productivity,Sweden
291,25575.387,Europe,5,BU Support,Development,Germany
292,25572.065999999963,Europe,5,BU Support,Manufacturing,Spain
293,25305.366,Europe,5,Functional,R3,Germany
294,25249.892999999985,Europe,12,Functional,R1,Austria
295,24922.68,Europe,4,Enablement,Enterprise Capabilities,Spain
296,24110.459999999995,Europe,11,Functional,R3,Portugal
297,24105.603000000003,Europe,4,BU Support,Development,Germany
298,23669.381999999958,Europe,8,BU Support,Manufacturing,Germany
299,23432.751,Europe,6,BU Support,Development,Belgium
300,23187.629999999943,Europe,7,BU Support,Manufacturing,Germany
301,23059.878,Europe,11,Infrastructure,Productivity,Poland
302,23034.141,Europe,12,Infrastructure,Productivity,Finland
303,22768.33500000008,Europe,12,Infrastructure,Productivity,Italy
304,22743.36,Europe,5,Infrastructure,Core Infrastructure,Switzerland
305,22388.403,Europe,10,Functional,R3,France
306,22155.762,Europe,4,Functional,R3,Germany
307,21943.215,Europe,9,Functional,R3,France
308,21798.267,Europe,7,Functional,R1,Austria
309,21733.104000000003,Europe,6,Functional,R1,Austria
310,21604.821000000004,Europe,8,Functional,R1,Austria
311,21575.376000000004,Europe,11,Functional,R3,France
312,21450.786,Europe,4,BU Support,Distribution,Switzerland
313,21266.351999999995,Europe,8,Functional,R3,France
314,21221.45100000012,Europe,11,Infrastructure,Productivity,Belgium
315,20899.308000000005,Europe,11,BU Support,Distribution,Portugal
316,20770.029000000097,Europe,5,BU Support,Manufacturing,France
317,20731.611,Europe,4,Functional,R3,Spain
318,20636.708999999944,Europe,6,BU Support,Manufacturing,Germany
319,20629.431,Europe,7,Functional,R3,France
320,19984.43100000007,Europe,10,Infrastructure,Productivity,Belgium
321,19780.803,Europe,6,Functional,R3,France
322,19557.686999999987,Europe,4,BU Support,Distribution,Italy
323,18909.072000000044,Europe,2,BU Support,R&D,United Kingdom
324,18741.24000000005,Europe,3,BU Support,R&D,United Kingdom
325,18648.12,Europe,4,Infrastructure,Core Infrastructure,Switzerland
326,18525.684,Europe,3,Enablement,Enterprise Capabilities,Spain
327,18434.118,Europe,3,Functional,R3,Spain
328,17528.600999999995,Europe,1,BU Support,Distribution,United Kingdom
329,17497.433999999997,Europe,12,Infrastructure,Productivity,Slovenia
330,17372.883,Europe,3,BU Support,Distribution,Germany
331,17337.131999999998,Europe,1,Infrastructure,Networking,Switzerland
332,17251.803,Europe,5,BU Support,Distribution,Belgium
333,17132.201999999994,Europe,5,BU Support,Development,Belgium
334,17065.11299999997,Europe,5,BU Support,Manufacturing,Germany
335,16806.558000000005,Europe,3,BU Support,Development,Germany
336,16762.409999999996,Europe,12,Functional,R3,France
337,16676.657999999967,Europe,6,Infrastructure,Productivity,Belgium
338,16601.418,Europe,5,Functional,R3,France
339,16351.962,Europe,11,Infrastructure,Productivity,Czech Republic
340,16315.47600000004,Europe,2,Infrastructure,Productivity,Switzerland
341,16232.72400000001,Europe,12,Functional,R2,Italy
342,15949.842000000004,Europe,1,Infrastructure,Data Centers,Ireland
343,15786.170999999998,Europe,3,Functional,R3,Germany
344,15751.719,Europe,2,Governance,Administration,Italy
345,15624.735000000002,Europe,1,BU Support,Development,Germany
346,15429.984,Europe,3,Infrastructure,Core Infrastructure,Switzerland
347,15336.440999999992,Europe,5,Infrastructure,Productivity,Belgium
348,15065.402999999991,Europe,7,Infrastructure,Productivity,Belgium
349,14847.164999999995,Europe,3,BU Support,Distribution,Switzerland
350,14709.642000000002,Europe,1,Infrastructure,Hosting,United Kingdom
351,14667.782999999996,Europe,2,Infrastructure,Productivity,United Kingdom
352,14475.390000000045,Europe,12,BU Support,Development,United Kingdom
353,14404.350000000002,Europe,2,Infrastructure,Help Desk,United Kingdom
354,14311.371,Europe,12,Infrastructure,Productivity,Norway
355,14296.311000000002,Europe,8,Functional,R1,United Kingdom
356,13907.366999999853,Europe,2,BU Support,Manufacturing,France
357,13711.445999999982,Europe,4,BU Support,Manufacturing,Germany
358,13509.3,Europe,10,Infrastructure,Productivity,Poland
359,13370.361,Europe,2,Functional,R3,Spain
360,13350.011999999757,Europe,5,Infrastructure,Productivity,United Kingdom
361,13177.622999999789,Europe,6,Infrastructure,Productivity,United Kingdom
362,13090.988999999996,Europe,12,Functional,R1,Hungary
363,12936.804,Europe,1,BU Support,Distribution,Switzerland
364,12885.84,Europe,4,Functional,R3,France
365,12842.526000000002,Europe,12,Infrastructure,Productivity,Romania
366,12697.799999999988,Europe,8,Infrastructure,Productivity,Belgium
367,12468.273,Europe,11,Infrastructure,Productivity,Romania
368,12418.286999999986,Europe,3,BU Support,Distribution,Italy
369,12258.825,Europe,11,Infrastructure,Productivity,Norway
370,12237.354,Europe,10,Infrastructure,Productivity,Norway
371,12177.156,Europe,2,Enablement,Enterprise Capabilities,Spain
372,12079.635000000006,Europe,4,BU Support,Distribution,Belgium
373,12064.002000000008,Europe,11,Functional,R2,Italy
374,11751.159,Europe,11,Infrastructure,Productivity,Finland
375,11434.077000000165,Europe,12,BU Support,Manufacturing,Ireland
376,11426.477999999996,Europe,3,Functional,R2,France
377,11426.477999999996,Europe,4,Functional,R2,France
378,11360.088000000018,Europe,1,BU Support,Manufacturing,Ireland
379,11221.104,Europe,4,BU Support,Development,Belgium
380,11217.534,Europe,11,Infrastructure,Productivity,Slovenia
381,11130.849,Europe,2,Functional,R3,Germany
382,11068.38900000004,Europe,11,BU Support,Development,United Kingdom
383,11050.047000000006,Europe,2,BU Support,Manufacturing,Germany
384,10940.061,Europe,1,Functional,R3,Spain
385,10831.179000000018,Europe,3,BU Support,Manufacturing,Germany
386,10824.243,Europe,11,Functional,R1,Hungary
387,10803.500999999997,Europe,1,BU Support,Planning,United Kingdom
388,10629.435000000003,Europe,2,BU Support,Development,Germany
389,10388.168999999998,Europe,2,Functional,R3,Switzerland
390,10006.914000000002,Europe,7,Functional,R1,United Kingdom
391,9996.200999999995,Europe,1,BU Support,Manufacturing,Germany
392,9748.545000000013,Europe,10,Functional,R2,Italy
393,9668.943000000025,Europe,12,Governance,Administration,Italy
394,9468.201,Europe,3,Functional,R3,France
395,9399.726,Europe,10,Infrastructure,Productivity,Czech Republic
396,9268.107000000004,Europe,10,BU Support,Development,United Kingdom
397,9134.229,Europe,10,Infrastructure,Productivity,Sweden
398,9022.461,Europe,10,Infrastructure,Productivity,Denmark
399,9003.975,Europe,12,BU Support,Distribution,Poland
400,9002.1,Europe,12,Infrastructure,Productivity,Slovakia
401,8971.967999999993,Europe,7,Governance,GRC,France
402,8860.2,Europe,6,Functional,R1,United Kingdom
403,8732.304000000022,Europe,11,Governance,Administration,Italy
404,8697.207,Europe,10,Infrastructure,Productivity,Romania
405,8680.262999999999,Europe,6,Governance,GRC,France
406,8675.877,Europe,3,BU Support,Distribution,Belgium
407,8482.077000000023,Europe,10,Governance,Administration,Italy
408,8427.329999999998,Europe,10,Functional,R3,Portugal
409,8399.505,Europe,12,Infrastructure,Productivity,Hungary
410,8325.770999999997,Europe,10,Functional,R1,Hungary
411,8278.016999999998,Europe,1,Functional,R2,Germany
412,8132.412000000002,Europe,3,BU Support,Development,Belgium
413,7765.224000000001,Europe,10,BU Support,Distribution,Portugal
414,7645.94099999999,Europe,2,BU Support,Distribution,Italy
415,7474.545000000001,Europe,1,Functional,R3,Germany
416,7346.840999999971,Europe,8,Governance,GRC,France
417,7335.43499999999,Europe,5,Governance,GRC,France
418,6993.354,Europe,11,Infrastructure,Help Desk,Spain
419,6992.3550000000005,Europe,5,Functional,R1,United Kingdom
420,6843.459,Europe,11,Infrastructure,Productivity,Portugal
421,6786.48,Europe,11,Infrastructure,Productivity,Hungary
422,6739.910999999978,Europe,3,BU Support,Manufacturing,Spain
423,6472.77900000001,Europe,9,Functional,R2,Italy
424,6410.495999999985,Europe,3,BU Support,Planning,United Kingdom
425,6388.688999999999,Europe,11,BU Support,Distribution,Poland
426,6207.771000000002,Europe,12,Governance,Other,Switzerland
427,6098.469000000001,Europe,2,Functional,R3,France
428,6000.819,Europe,1,Governance,Administration,Italy
429,5889.156,Europe,1,Enablement,Enterprise Capabilities,Spain
430,5790.554999999993,Europe,9,Governance,GRC,France
431,5787.509999999995,Europe,2,BU Support,Manufacturing,Spain
432,5767.448999999996,Europe,9,Functional,R1,Hungary
433,5630.865,Europe,1,Enablement,EIM,Belgium
434,5338.569,Europe,8,Functional,R2,Italy
435,5338.191,Europe,2,Infrastructure,Core Infrastructure,Switzerland
436,5152.02,Europe,9,Infrastructure,Help Desk,Spain
437,5152.02,Europe,10,Infrastructure,Help Desk,Spain
438,5057.045999999999,Europe,10,Infrastructure,Productivity,Slovenia
439,4994.687999999999,Europe,2,BU Support,Development,Belgium
440,4959.8910000000005,Europe,9,Infrastructure,Productivity,Poland
441,4942.773000000025,Europe,9,Governance,Administration,Italy
442,4920.474000000002,Europe,2,BU Support,Distribution,Germany
443,4806.324000000002,Europe,1,Enablement,EIM,Italy
444,4506.084000000017,Europe,7,BU Support,Development,United Kingdom
445,4502.559000000001,Europe,1,BU Support,Manufacturing,Spain
446,4355.276999999998,Europe,1,BU Support,Distribution,Germany
447,4318.404,Europe,2,Functional,R3,Belgium
448,4284.741,Europe,4,Functional,R1,United Kingdom
449,4223.204999999999,Europe,10,BU Support,Distribution,Poland
450,4051.676999999952,Europe,11,BU Support,Distribution,United Kingdom
451,3926.5229999999865,Europe,4,BU Support,Manufacturing,Spain
452,3829.8689999999992,Europe,1,Functional,R3,Switzerland
453,3662.1,Europe,5,Infrastructure,Help Desk,Spain
454,3557.058000000001,Europe,3,BU Support,Development,United Kingdom
455,3472.2209999999977,Europe,11,Infrastructure,Data Centers,Netherlands
456,3401.8740000000034,Europe,9,Functional,R2,Belgium
457,3366.504,Europe,9,Infrastructure,Productivity,Czech Republic
458,3356.85,Europe,10,Infrastructure,Productivity,Hungary
459,3353.904,Europe,11,Infrastructure,Productivity,Slovakia
460,3349.818,Europe,1,Functional,R1,United Kingdom
461,3312.0,Europe,3,Functional,R1,United Kingdom
462,3295.403999999995,Europe,5,BU Support,Development,United Kingdom
463,3277.5660000000003,Europe,7,Infrastructure,Help Desk,Spain
464,3277.5660000000003,Europe,8,Infrastructure,Help Desk,Spain
465,3258.2850000000003,Europe,6,Infrastructure,Help Desk,Spain
466,3219.0780000000013,Europe,7,Functional,R2,Italy
467,3181.6650000000027,Europe,2,BU Support,Distribution,Belgium
468,3136.803000000007,Europe,6,BU Support,Development,United Kingdom
469,3118.2959999999985,Europe,8,Functional,R2,Belgium
470,3074.178,Europe,12,Enablement,Data Management,Spain
471,3041.85,Europe,2,Functional,R2,France
472,2972.313000000001,Europe,1,Functional,R3,France
473,2949.15,Europe,1,Functional,R2,France
474,2944.3350000000064,Europe,3,Infrastructure,Productivity,Belgium
475,2937.158999999996,Europe,7,Functional,R2,Belgium
476,2846.1420000000035,Europe,11,BU Support,Distribution,Czech Republic
477,2820.761999999988,Europe,10,Infrastructure,Data Centers,Netherlands
478,2802.1530000000057,Europe,12,Infrastructure,Data Centers,Netherlands
479,2763.303,Europe,10,Functional,R2,Belgium
480,2752.3499999999985,Europe,4,BU Support,Development,United Kingdom
481,2705.403,Europe,2,Functional,R1,Austria
482,2705.391,Europe,1,Infrastructure,Core Infrastructure,Switzerland
483,2673.789,Europe,9,Infrastructure,Productivity,Denmark
484,2615.003999999997,Europe,6,Functional,R2,Belgium
485,2540.4720000000016,Europe,4,Functional,R1,Austria
486,2474.9550000000017,Europe,5,Functional,R1,Austria
487,2458.3740000000034,Europe,4,Governance,GRC,France
488,2355.251999999986,Europe,9,Infrastructure,Data Centers,Netherlands
489,2338.860000000015,Europe,9,Infrastructure,Productivity,Belgium
490,2223.6959999999963,Europe,8,Infrastructure,Data Centers,Netherlands
491,2209.662,Europe,10,Infrastructure,Productivity,Slovakia
492,2163.0600000000004,Europe,4,Enablement,EIM,Belgium
493,2163.0600000000004,Europe,5,Enablement,EIM,Belgium
494,2163.0600000000004,Europe,6,Enablement,EIM,Belgium
495,2056.4249999999997,Europe,3,Functional,R2,Spain
496,1936.521,Europe,2,Functional,R1,United Kingdom
497,1898.2080000000003,Europe,1,BU Support,Development,United Kingdom
498,1890.075,Europe,9,BU Support,Distribution,Poland
499,1776.456,Europe,9,Infrastructure,Productivity,Hungary
500,1730.1149999999943,Europe,7,Infrastructure,Data Centers,Netherlands
501,1636.0800000000015,Europe,11,Infrastructure,Data Centers,Austria
502,1618.209000000001,Europe,8,Enablement,EIM,Belgium
503,1605.1649999999936,Europe,12,Infrastructure,Data Centers,Austria
504,1551.9750000000022,Europe,11,Functional,R3,Switzerland
505,1494.9270000000106,Europe,8,BU Support,Development,United Kingdom
506,1487.6879999999985,Europe,6,Infrastructure,Data Centers,Netherlands
507,1469.9730000000018,Europe,5,Functional,R2,Belgium
508,1413.765,Europe,10,Infrastructure,Productivity,Portugal
509,1356.2609999999986,Europe,5,Infrastructure,Data Centers,Netherlands
510,1315.8420000000006,Europe,5,BU Support,Development,Spain
511,1280.3610000000044,Europe,2,BU Support,Development,United Kingdom
512,1243.3349999999998,Europe,9,Infrastructure,Productivity,Slovakia
513,1178.2080000000003,Europe,2,BU Support,Planning,Italy
514,1169.9850000000024,Europe,3,Infrastructure,Data Centers,Netherlands
515,1165.6770000000004,Europe,7,Enablement,EIM,Belgium
516,1132.161000000001,Europe,2,Infrastructure,Data Centers,Netherlands
517,1124.2080000000003,Europe,4,Infrastructure,Data Centers,Netherlands
518,1087.737,Europe,8,Infrastructure,Productivity,Czech Republic
519,1059.4919999999984,Europe,11,BU Support,Development,Spain
520,1042.1400000000067,Europe,10,Infrastructure,Data Centers,Austria
521,1037.472000000001,Europe,1,BU Support,Planning,Italy
522,1036.2030000000086,Europe,9,Infrastructure,Data Centers,Austria
523,930.774,Europe,12,Infrastructure,Productivity,Bosnia
524,884.5170000000003,Europe,1,Infrastructure,Data Centers,Netherlands
525,865.0710000000008,Europe,2,Functional,R2,Belgium
526,860.802000000024,Europe,8,Governance,Administration,Italy
527,812.2320000000072,Europe,7,Infrastructure,Data Centers,Austria
528,804.1740000000027,Europe,8,Functional,R3,Switzerland
529,804.1740000000027,Europe,9,Functional,R3,Switzerland
530,804.1740000000027,Europe,10,Functional,R3,Switzerland
531,796.3440000000046,Europe,8,Infrastructure,Data Centers,Austria
532,713.5830000000014,Europe,1,BU Support,Distribution,Belgium
533,637.5030000000006,Europe,3,Governance,GRC,France
534,575.451,Europe,8,Infrastructure,Productivity,Slovakia
535,547.92,Europe,9,Infrastructure,Productivity,Norway
536,537.9210000000166,Europe,9,BU Support,Development,United Kingdom
537,532.107,Europe,12,Infrastructure,Productivity,Croatia
538,473.759999999992,Europe,1,BU Support,Distribution,Italy
539,459.006,Europe,2,Infrastructure,Help Desk,Spain
540,459.006,Europe,3,Infrastructure,Help Desk,Spain
541,459.006,Europe,4,Infrastructure,Help Desk,Spain
542,450.006,Europe,1,Infrastructure,Help Desk,Spain
543,307.797,Europe,1,Functional,R2,Belgium
544,291.0570000000007,Europe,11,Enablement,Data Management,Spain
545,276.37500000000006,Europe,11,Infrastructure,Productivity,Croatia
546,271.5899999999983,Europe,4,Functional,R2,Belgium
547,187.34099999999307,Europe,6,Functional,R2,Italy
548,165.9,Europe,2,BU Support,Core,United Kingdom
549,165.9,Europe,3,BU Support,Core,United Kingdom
550,165.9,Europe,4,BU Support,Core,United Kingdom
551,165.9,Europe,5,BU Support,Core,United Kingdom
552,165.9,Europe,6,BU Support,Core,United Kingdom
553,165.9,Europe,7,BU Support,Core,United Kingdom
554,158.604,Europe,11,Infrastructure,Productivity,Bosnia
555,131.59799999999814,Europe,2,Governance,GRC,France
556,107.982,Europe,1,BU Support,Planning,Spain
557,107.982,Europe,2,BU Support,Planning,Spain
558,107.982,Europe,3,BU Support,Planning,Spain
559,107.982,Europe,4,BU Support,Planning,Spain
560,107.982,Europe,5,BU Support,Planning,Spain
561,107.982,Europe,6,BU Support,Planning,Spain
562,107.982,Europe,7,BU Support,Planning,Spain
563,107.982,Europe,8,BU Support,Planning,Spain
564,107.982,Europe,9,BU Support,Planning,Spain
565,107.982,Europe,10,BU Support,Planning,Spain
566,107.982,Europe,11,BU Support,Planning,Spain
567,107.982,Europe,12,BU Support,Planning,Spain
568,87.97199999999975,Europe,2,BU Support,Development,Spain
569,70.458,Europe,10,Infrastructure,Productivity,Bosnia
570,66.98399999999924,Europe,12,Infrastructure,Help Desk,Spain
571,62.57400000000007,Europe,1,BU Support,Development,Spain
572,2.8349999999999995,Europe,2,BU Support,Emerging,Switzerland
573,1.935,Europe,1,BU Support,Emerging,Switzerland
574,0.0540000000022701,Europe,6,Functional,R3,Switzerland
575,0.0540000000022701,Europe,7,Functional,R3,Switzerland
576,0.0,Europe,1,Governance,Administration,Germany
577,-4.3619999999999886,Europe,8,BU Support,Core,United Kingdom
578,-4.3619999999999886,Europe,9,BU Support,Core,United Kingdom
579,-4.3619999999999886,Europe,10,BU Support,Core,United Kingdom
580,-4.3619999999999886,Europe,11,BU Support,Core,United Kingdom
581,-4.3619999999999886,Europe,12,BU Support,Core,United Kingdom
582,-25.35300000000097,Europe,3,Functional,R2,Belgium
583,-45.66900000000169,Europe,11,Functional,R2,Belgium
584,-148.58100000000195,Europe,1,Functional,R2,Spain
585,-174.1649999999995,Europe,3,Enablement,EIM,Belgium
586,-175.1219999999994,Europe,6,Infrastructure,Data Centers,Austria
587,-183.6600000000008,Europe,1,Governance,GRC,France
588,-214.03499999999983,Europe,5,Infrastructure,Data Centers,Austria
589,-230.79300000000148,Europe,2,Functional,R2,Spain
590,-276.28800000000047,Europe,11,BU Support,Planning,Italy
591,-276.35699999999684,Europe,10,BU Support,Distribution,Czech Republic
592,-292.821,Europe,10,Infrastructure,Productivity,Croatia
593,-293.625,Europe,1,Functional,R3,Belgium
594,-307.53600000000733,Europe,7,BU Support,Manufacturing,United Kingdom
595,-346.88400000000547,Europe,12,BU Support,Planning,Italy
596,-404.9490000000005,Europe,3,Infrastructure,Data Centers,Austria
597,-412.4700000000012,Europe,4,Infrastructure,Data Centers,Austria
598,-428.02800000000025,Europe,1,Infrastructure,Data Centers,Austria
599,-473.3040000000037,Europe,5,Functional,R2,Italy
600,-482.2350000000002,Europe,2,Enablement,EIM,Belgium
601,-544.9259999999999,Europe,1,Functional,R1,Austria
602,-559.6379999999999,Europe,2,Infrastructure,Data Centers,Austria
603,-614.939999999995,Europe,10,BU Support,Planning,Italy
604,-697.872000000003,Europe,9,BU Support,Planning,Italy
605,-767.0759999999973,Europe,12,Functional,R3,Switzerland
606,-821.3879999999954,Europe,3,Functional,R2,Switzerland
607,-877.1550000000104,Europe,4,Infrastructure,Help Desk,Ireland
608,-877.1550000000104,Europe,5,Infrastructure,Help Desk,Ireland
609,-877.1550000000104,Europe,6,Infrastructure,Help Desk,Ireland
610,-877.1550000000104,Europe,7,Infrastructure,Help Desk,Ireland
611,-877.1550000000104,Europe,8,Infrastructure,Help Desk,Ireland
612,-877.1550000000104,Europe,9,Infrastructure,Help Desk,Ireland
613,-877.1550000000104,Europe,10,Infrastructure,Help Desk,Ireland
614,-877.1550000000104,Europe,11,Infrastructure,Help Desk,Ireland
615,-877.1550000000104,Europe,12,Infrastructure,Help Desk,Ireland
616,-991.035,Europe,10,Infrastructure,Productivity,Finland
617,-995.955,Europe,1,Enablement,Data Management,Spain
618,-1129.9170000000013,Europe,3,Functional,R1,Austria
619,-1146.7110000000011,Europe,2,Enablement,Data Management,Spain
620,-1160.0279999999984,Europe,8,BU Support,Planning,Italy
621,-1253.0789999999995,Europe,2,Functional,R2,Italy
622,-1255.2689999999998,Europe,9,Infrastructure,Productivity,Finland
623,-1277.3970000000002,Europe,8,Infrastructure,Productivity,Hungary
624,-1307.2439999999951,Europe,2,Enablement,EIM,Italy
625,-1361.2439999999988,Europe,10,BU Support,Development,Spain
626,-1437.5040000000154,Europe,10,Governance,GRC,France
627,-1488.4379999999992,Europe,1,Functional,R2,Switzerland
628,-1556.798999999999,Europe,7,BU Support,Planning,Italy
629,-1588.6440000000075,Europe,10,Enablement,Data Management,Spain
630,-1590.0419999999867,Europe,5,Infrastructure,Productivity,Austria
631,-1656.6690000000003,Europe,1,Functional,R2,Italy
632,-1696.3199999999997,Europe,9,BU Support,Development,Spain
633,-1704.8459999999975,Europe,2,Functional,R2,Switzerland
634,-1733.2649999999996,Europe,9,Infrastructure,Productivity,Sweden
635,-1791.7499999999927,Europe,12,BU Support,Development,Spain
636,-1982.6579999999997,Europe,8,BU Support,Development,Spain
637,-2008.298999999992,Europe,6,BU Support,Planning,Italy
638,-2059.1100000000006,Europe,3,Enablement,Data Management,Spain
639,-2113.3320000000003,Europe,4,BU Support,Development,Spain
640,-2286.3060000000023,Europe,3,BU Support,Development,Spain
641,-2393.736000000001,Europe,5,BU Support,Planning,Italy
642,-2457.8729999999982,Europe,1,Infrastructure,Data Centers,Spain
643,-2718.941999999999,Europe,4,Enablement,Data Management,Spain
644,-2781.278999999995,Europe,1,Infrastructure,Networking,Germany
645,-2894.1960000000017,Europe,1,BU Support,Manufacturing,United Kingdom
646,-3016.466999999996,Europe,12,BU Support,Distribution,Czech Republic
647,-3032.6669999999976,Europe,4,BU Support,Planning,Italy
648,-3314.969999999972,Europe,9,Infrastructure,Productivity,Austria
649,-3370.1370000000024,Europe,5,Enablement,Data Management,Spain
650,-3413.885999999995,Europe,5,Functional,R2,Switzerland
651,-3462.185999999998,Europe,7,BU Support,Development,Spain
652,-3487.4069999999974,Europe,1,BU Support,Planning,France
653,-3542.2139999999968,Europe,9,BU Support,Distribution,Czech Republic
654,-3714.252,Europe,1,BU Support,R&D,Spain
655,-3857.622,Europe,4,Functional,R2,Switzerland
656,-3912.963,Europe,1,Enablement,Innovation,Austria
657,-3937.5,Europe,1,BU Support,Production,Switzerland
658,-3974.577000000005,Europe,6,Enablement,Data Management,Spain
659,-4001.892000000004,Europe,7,Enablement,Data Management,Spain
660,-4022.556,Europe,1,BU Support,Development,Belgium
661,-4172.843999999978,Europe,7,Governance,Administration,Italy
662,-4296.942000000003,Europe,3,BU Support,Planning,Italy
663,-4446.492000000013,Europe,8,BU Support,Manufacturing,United Kingdom
664,-4474.88400000002,Europe,2,Functional,R3,United Kingdom
665,-4493.555999999997,Europe,6,Functional,R2,Switzerland
666,-4611.270000000011,Europe,9,Enablement,Data Management,Spain
667,-4626.906,Europe,10,Enablement,EIM,Belgium
668,-4626.906,Europe,11,Enablement,EIM,Belgium
669,-4626.906,Europe,12,Enablement,EIM,Belgium
670,-4699.601999999997,Europe,2,Infrastructure,Data Centers,Spain
671,-5002.986000000002,Europe,3,Functional,R2,Italy
672,-5041.785000000004,Europe,3,BU Support,Manufacturing,United Kingdom
673,-5048.625,Europe,8,Functional,R2,Switzerland
674,-5058.929999999999,Europe,9,Enablement,EIM,Belgium
675,-5166.228000000003,Europe,7,Functional,R2,Switzerland
676,-5222.768999999997,Europe,6,BU Support,Development,Spain
677,-5341.250999999998,Europe,12,Functional,R2,Germany
678,-5732.646000000004,Europe,2,BU Support,Manufacturing,United Kingdom
679,-5905.367999999995,Europe,9,Functional,R2,Switzerland
680,-5914.760999999999,Europe,1,BU Support,Distribution,Spain
681,-6117.311999999998,Europe,4,BU Support,Manufacturing,United Kingdom
682,-6252.585000000003,Europe,5,Functional,R2,Spain
683,-6383.543999999999,Europe,1,Functional,R1,Spain
684,-6583.070999999989,Europe,10,Functional,R2,Switzerland
685,-6660.216,Europe,12,Functional,R2,Belgium
686,-6718.242,Europe,4,Functional,R2,Italy
687,-6730.085999999999,Europe,3,Infrastructure,Data Centers,Spain
688,-6750.750000000004,Europe,8,Enablement,Data Management,Spain
689,-6921.875999999997,Europe,2,BU Support,Distribution,France
690,-7006.007999999996,Europe,11,Functional,R2,Germany
691,-7036.278000000006,Europe,4,Functional,R2,Spain
692,-7228.989000000023,Europe,8,Functional,R2,Spain
693,-7287.573000000026,Europe,1,Functional,R3,United Kingdom
694,-7406.195999999982,Europe,12,Functional,R2,Switzerland
695,-7585.458000000013,Europe,7,Functional,R2,Spain
696,-7807.224,Europe,1,Infrastructure,Data Centers,Germany
697,-7815.872999999992,Europe,11,Functional,R2,Switzerland
698,-7825.971,Europe,2,Enablement,Innovation,Austria
699,-7875.0,Europe,2,BU Support,Production,Switzerland
700,-8360.325000000008,Europe,6,Functional,R2,Spain
701,-8581.071,Europe,1,BU Support,Distribution,France
702,-8746.127999999997,Europe,11,BU Support,Manufacturing,United Kingdom
703,-8776.271999999997,Europe,10,Functional,R2,Germany
704,-9004.025999999996,Europe,4,Infrastructure,Data Centers,Spain
705,-9056.885999999991,Europe,5,BU Support,Manufacturing,United Kingdom
706,-9119.966999999977,Europe,6,Governance,Administration,Italy
707,-9143.699999999984,Europe,2,BU Support,Manufacturing,Ireland
708,-9434.628,Europe,1,Governance,GRC,Spain
709,-9564.522,Europe,2,Functional,R2,Germany
710,-9611.526000000013,Europe,12,BU Support,Manufacturing,United Kingdom
711,-9818.511,Europe,9,BU Support,Manufacturing,United Kingdom
712,-9986.748,Europe,2,BU Support,R&D,Spain
713,-10480.610999999995,Europe,9,Functional,R2,Germany
714,-10793.150999999994,Europe,5,Infrastructure,Data Centers,Spain
715,-10905.689999999988,Europe,6,BU Support,Manufacturing,United Kingdom
716,-10910.349000000024,Europe,9,Functional,R2,Spain
717,-11094.836999999998,Europe,2,BU Support,Distribution,Spain
718,-11149.77900000001,Europe,11,Enablement,EIM,Italy
719,-11200.173,Europe,3,Functional,R2,Germany
720,-11502.075,Europe,1,Infrastructure,Help Desk,United Kingdom
721,-11651.550000000016,Europe,11,Governance,GRC,France
722,-11658.636,Europe,1,Infrastructure,Productivity,Netherlands
723,-11738.868,Europe,3,Enablement,Innovation,Austria
724,-11812.5,Europe,3,BU Support,Production,Switzerland
725,-11965.77599999999,Europe,11,Infrastructure,Data Centers,Spain
726,-12282.713999999996,Europe,8,Functional,R2,Germany
727,-12362.07899999999,Europe,6,Infrastructure,Data Centers,Spain
728,-12416.249999999998,Europe,1,Governance,GRC,Italy
729,-12487.469999999994,Europe,2,BU Support,Planning,France
730,-12676.167,Europe,1,Enablement,Enterprise Capabilities,United Kingdom
731,-12792.873,Europe,4,Functional,R2,Germany
732,-12920.829,Europe,2,Functional,R1,Spain
733,-13353.297000000006,Europe,12,Enablement,EIM,Italy
734,-13772.508,Europe,6,Infrastructure,Core Infrastructure,United Kingdom
735,-13772.508,Europe,7,Infrastructure,Core Infrastructure,United Kingdom
736,-13772.508,Europe,8,Infrastructure,Core Infrastructure,United Kingdom
737,-13772.508,Europe,9,Infrastructure,Core Infrastructure,United Kingdom
738,-13772.508,Europe,10,Infrastructure,Core Infrastructure,United Kingdom
739,-13772.508,Europe,11,Infrastructure,Core Infrastructure,United Kingdom
740,-13772.508,Europe,12,Infrastructure,Core Infrastructure,United Kingdom
741,-14053.964999999998,Europe,5,Functional,R3,Switzerland
742,-14067.723000000056,Europe,10,BU Support,Distribution,United Kingdom
743,-14067.962999999998,Europe,7,Functional,R2,Germany
744,-14117.649,Europe,1,Infrastructure,Productivity,Spain
745,-14146.73399999999,Europe,7,Infrastructure,Data Centers,Spain
746,-14255.391000000003,Europe,3,BU Support,R&D,Spain
747,-14297.420999999998,Europe,5,Functional,R2,Germany
748,-14507.579999999974,Europe,5,Governance,Administration,Italy
749,-14689.755000000005,Europe,10,BU Support,Manufacturing,United Kingdom
750,-14764.950000000004,Europe,2,Functional,R1,Germany
751,-14802.806999999972,Europe,6,Infrastructure,Productivity,Austria
752,-14815.01100000001,Europe,11,Enablement,Innovation,Austria
753,-14863.635000000017,Europe,10,Functional,R2,Spain
754,-15141.953999999998,Europe,4,Functional,R3,Switzerland
755,-15214.718999999996,Europe,3,Functional,R3,Switzerland
756,-15651.723,Europe,4,Enablement,Innovation,Austria
757,-15677.136,Europe,3,Infrastructure,Data Centers,Germany
758,-15750.0,Europe,4,BU Support,Production,Switzerland
759,-15867.320999999996,Europe,6,Functional,R2,Germany
760,-15981.290999999996,Europe,3,BU Support,Distribution,Spain
761,-16152.642,Europe,5,Functional,R3,Belgium
762,-16731.48,Europe,1,Infrastructure,Productivity,Austria
763,-16809.434999999998,Europe,4,Functional,R3,Belgium
764,-16854.738,Europe,2,Infrastructure,Data Centers,Germany
765,-17103.70499999998,Europe,12,Infrastructure,Data Centers,Spain
766,-17239.136999999988,Europe,7,Infrastructure,Productivity,Austria
767,-17254.94099999999,Europe,5,BU Support,R&D,Spain
768,-17276.688000000002,Europe,3,Functional,R3,Belgium
769,-17813.49900000001,Europe,3,BU Support,Distribution,France
770,-18041.802,Europe,1,Infrastructure,Productivity,Belgium
771,-18349.974,Europe,4,Infrastructure,Data Centers,Germany
772,-18485.753999999997,Europe,4,BU Support,R&D,Spain
773,-18492.09299999999,Europe,8,Infrastructure,Data Centers,Spain
774,-18643.206,Europe,2,Governance,GRC,Italy
775,-18664.836,Europe,3,BU Support,Planning,France
776,-19008.588000000025,Europe,11,Functional,R2,Spain
777,-19234.802999999996,Europe,9,Infrastructure,Data Centers,Spain
778,-19486.911,Europe,10,Enablement,Innovation,Austria
779,-19564.476,Europe,5,Enablement,Innovation,Austria
780,-19687.5,Europe,5,BU Support,Production,Switzerland
781,-20009.486999999976,Europe,4,Governance,Administration,Italy
782,-20122.176000000003,Europe,2,Governance,GRC,Spain
783,-20278.914,Europe,9,Enablement,Innovation,Austria
784,-20360.736000000004,Europe,5,Infrastructure,Data Centers,Germany
785,-20379.861000000004,Europe,5,BU Support,Distribution,France
786,-20449.227,Europe,4,BU Support,Distribution,Spain
787,-20881.389,Europe,1,BU Support,Manufacturing,Italy
788,-21063.60599999994,Europe,3,BU Support,Manufacturing,Ireland
789,-21342.618000000017,Europe,7,Infrastructure,Data Centers,Germany
790,-21436.305,Europe,8,Enablement,Innovation,Austria
791,-21546.761999999995,Europe,3,Governance,GRC,Italy
792,-21730.616999999984,Europe,6,BU Support,R&D,Spain
793,-21994.659,Europe,1,Infrastructure,Productivity,Ireland
794,-22070.25899999999,Europe,3,Functional,R1,Spain
795,-22366.554,Europe,7,Enablement,Innovation,Austria
796,-22529.736,Europe,2,Infrastructure,Productivity,Belgium
797,-22530.68400000001,Europe,4,Governance,GRC,Italy
798,-22611.839999999986,Europe,10,Enablement,EIM,Italy
799,-22985.883000000016,Europe,6,Infrastructure,Data Centers,Germany
800,-23065.788,Europe,5,Governance,GRC,Italy
801,-23075.723999999987,Europe,7,BU Support,R&D,Spain
802,-23093.253,Europe,3,Enablement,EIM,Italy
803,-23294.433000000023,Europe,12,Functional,R2,Spain
804,-23477.307,Europe,6,Enablement,Innovation,Austria
805,-23625.0,Europe,6,BU Support,Production,Switzerland
806,-23916.830999999976,Europe,8,BU Support,R&D,Spain
807,-23980.95300000004,Europe,6,Infrastructure,Productivity,Italy
808,-24346.112999999983,Europe,6,Governance,GRC,Italy
809,-24581.48399999999,Europe,4,BU Support,Planning,France
810,-24766.220999999976,Europe,3,Governance,Administration,Italy
811,-24850.031999999992,Europe,10,Infrastructure,Data Centers,Spain
812,-25085.315999999995,Europe,5,BU Support,Distribution,Spain
813,-25336.235999999983,Europe,9,Enablement,EIM,Italy
814,-25677.398999999998,Europe,2,Infrastructure,Networking,Germany
815,-26304.52800000002,Europe,9,BU Support,R&D,Spain
816,-26401.62300000002,Europe,3,BU Support,Manufacturing,Italy
817,-26472.822000000004,Europe,2,Enablement,Enterprise Capabilities,United Kingdom
818,-27199.041000000005,Europe,1,Governance,GRC,Germany
819,-27304.91400000002,Europe,8,Infrastructure,Data Centers,Germany
820,-27310.542000000005,Europe,3,Functional,R1,Germany
821,-27412.025999999983,Europe,7,Governance,GRC,Italy
822,-27562.5,Europe,7,BU Support,Production,Switzerland
823,-27605.7,Europe,2,Infrastructure,Productivity,Austria
824,-28279.331999999995,Europe,10,BU Support,R&D,Spain
825,-28584.744,Europe,2,Infrastructure,Productivity,Netherlands
826,-28609.13699999996,Europe,8,Infrastructure,Productivity,Austria
827,-28899.25199999997,Europe,8,Enablement,EIM,Italy
828,-29028.033,Europe,4,BU Support,Distribution,France
829,-29393.271000000008,Europe,6,BU Support,Distribution,France
830,-29633.421,Europe,9,Infrastructure,Data Centers,Germany
831,-29831.793000000005,Europe,4,Infrastructure,Productivity,Italy
832,-30185.562,Europe,6,BU Support,Distribution,Spain
833,-30199.52999999999,Europe,4,Enablement,EIM,Italy
834,-30402.522,Europe,11,BU Support,R&D,Spain
835,-30735.480000000003,Europe,5,BU Support,Planning,France
836,-30742.173,Europe,4,Functional,R1,Spain
837,-30809.241000000005,Europe,3,Governance,GRC,Spain
838,-31335.197999999986,Europe,7,Enablement,EIM,Italy
839,-31500.0,Europe,8,BU Support,Production,Switzerland
840,-31629.32399999993,Europe,4,BU Support,Manufacturing,Ireland
841,-32433.419999999984,Europe,4,BU Support,R&D,United Kingdom
842,-32446.043999999994,Europe,7,Infrastructure,Productivity,Italy
843,-32458.54500000004,Europe,9,BU Support,Distribution,United Kingdom
844,-32480.72099999999,Europe,3,Infrastructure,Networking,Germany
845,-32662.45500000003,Europe,12,Governance,GRC,France
846,-33217.793999999994,Europe,5,Enablement,EIM,Italy
847,-33797.22600000001,Europe,7,Functional,R3,Belgium
848,-33959.18099999999,Europe,4,Infrastructure,Networking,Germany
849,-34382.553,Europe,4,Functional,R1,Germany
850,-34440.09599999999,Europe,8,Governance,GRC,Italy
851,-34623.288,Europe,3,Enablement,Enterprise Capabilities,United Kingdom
852,-34664.990999999995,Europe,2,BU Support,Manufacturing,Italy
853,-34728.68699999995,Europe,1,Infrastructure,Productivity,France
854,-34748.89799999999,Europe,12,BU Support,R&D,Spain
855,-34763.82299999999,Europe,7,BU Support,Distribution,Spain
856,-34933.18500000001,Europe,5,Infrastructure,Networking,Germany
857,-35048.643000000004,Europe,8,Functional,R3,Belgium
858,-35437.5,Europe,9,BU Support,Production,Switzerland
859,-35475.44100000011,Europe,9,Functional,R1,Belgium
860,-35499.00299999997,Europe,10,Infrastructure,Productivity,Austria
861,-35607.846000000005,Europe,6,Functional,R3,Belgium
862,-35811.00900000002,Europe,10,Infrastructure,Data Centers,Germany
863,-36303.94799999989,Europe,5,BU Support,Manufacturing,Ireland
864,-36557.15699999999,Europe,6,Infrastructure,Networking,Germany
865,-37329.36600000001,Europe,11,Infrastructure,Data Centers,Germany
866,-38100.29999999999,Europe,7,Infrastructure,Networking,Germany
867,-38312.715000000026,Europe,12,Infrastructure,Productivity,Austria
868,-38457.633000000045,Europe,2,Infrastructure,Productivity,Germany
869,-38519.57700000005,Europe,5,Infrastructure,Productivity,Italy
870,-38955.09300000034,Europe,8,Functional,R1,Belgium
871,-39229.89599999997,Europe,1,Infrastructure,Productivity,United Kingdom
872,-39375.0,Europe,10,BU Support,Production,Switzerland
873,-39498.04500000001,Europe,12,Infrastructure,Data Centers,Germany
874,-39505.95899999997,Europe,8,Infrastructure,Networking,Germany
875,-39676.98,Europe,5,Functional,R1,Spain
876,-40244.42699999998,Europe,6,Enablement,EIM,Italy
877,-40299.82500000001,Europe,6,BU Support,Planning,France
878,-40421.097,Europe,1,Functional,R1,Italy
879,-41194.74900000001,Europe,9,Infrastructure,Networking,Germany
880,-41259.79799999995,Europe,2,Infrastructure,Productivity,France
881,-41451.19500000002,Europe,2,Infrastructure,Productivity,Ireland
882,-41492.71800000001,Europe,4,Governance,GRC,Spain
883,-41852.259000000005,Europe,5,Functional,R1,Germany
884,-42107.22900000028,Europe,12,BU Support,R&D,United Kingdom
885,-42121.026,Europe,4,Enablement,Enterprise Capabilities,United Kingdom
886,-42508.812000000005,Europe,1,Infrastructure,Productivity,Italy
887,-42577.69199999998,Europe,9,Governance,GRC,Italy
888,-43215.29099999997,Europe,10,Infrastructure,Productivity,Italy
889,-43312.5,Europe,11,BU Support,Production,Switzerland
890,-43494.87899999999,Europe,11,Infrastructure,Networking,Germany
891,-43613.14199999996,Europe,7,BU Support,Distribution,France
892,-43726.281,Europe,8,BU Support,Distribution,Spain
893,-43743.24299999999,Europe,10,Infrastructure,Networking,Germany
894,-44214.65999999992,Europe,8,Infrastructure,Productivity,Italy
895,-44350.23000000004,Europe,8,BU Support,Distribution,United Kingdom
896,-44721.36899999995,Europe,12,Infrastructure,Networking,Germany
897,-45467.994000000006,Europe,3,Infrastructure,Productivity,Netherlands
898,-45868.34700000001,Europe,11,Governance,GRC,Italy
899,-46675.425,Europe,1,Functional,R1,Germany
900,-46697.804999999935,Europe,9,Infrastructure,Productivity,Italy
901,-46881.573,Europe,7,BU Support,Planning,France
902,-47250.0,Europe,12,BU Support,Production,Switzerland
903,-47806.34999999998,Europe,11,Infrastructure,Productivity,Austria
904,-48467.025,Europe,6,Infrastructure,Productivity,Netherlands
905,-48520.10400000002,Europe,2,Infrastructure,Productivity,Italy
906,-48613.14599999999,Europe,2,Governance,GRC,United Kingdom
907,-48816.852,Europe,6,Functional,R1,Spain
908,-49119.156,Europe,5,Enablement,Enterprise Capabilities,United Kingdom
909,-49513.773,Europe,4,Infrastructure,Productivity,Netherlands
910,-49579.25399999999,Europe,8,BU Support,Distribution,France
911,-49688.52300000001,Europe,9,BU Support,Distribution,Spain
912,-49760.39999999991,Europe,6,BU Support,Manufacturing,France
913,-50682.02100000002,Europe,1,Infrastructure,Productivity,Germany
914,-50836.07100000005,Europe,10,Governance,GRC,Italy
915,-52082.63100000001,Europe,3,Infrastructure,Productivity,Ireland
916,-52161.465,Europe,5,Governance,GRC,Spain
917,-52380.37800000001,Europe,6,Functional,R1,Germany
918,-52420.788000000015,Europe,10,Functional,R3,Belgium
919,-52569.09299999988,Europe,6,BU Support,Manufacturing,Ireland
920,-52765.76700000005,Europe,10,Infrastructure,Productivity,Netherlands
921,-52941.54299999999,Europe,1,Governance,GRC,United Kingdom
922,-53102.51700000001,Europe,9,Functional,R3,Belgium
923,-53190.99600000003,Europe,9,Infrastructure,Productivity,Netherlands
924,-53941.60499999999,Europe,1,BU Support,R&D,United Kingdom
925,-54179.82600000001,Europe,10,BU Support,Distribution,Spain
926,-55681.47000000003,Europe,12,Infrastructure,Productivity,Netherlands
927,-55701.195,Europe,8,Functional,R1,Germany
928,-56317.389,Europe,7,Infrastructure,Productivity,Netherlands
929,-56471.32200000001,Europe,6,Enablement,Enterprise Capabilities,United Kingdom
930,-56968.626,Europe,8,Infrastructure,Productivity,Netherlands
931,-57066.015,Europe,7,Functional,R1,Spain
932,-58364.628000000026,Europe,12,Governance,GRC,Italy
933,-58597.99500000005,Europe,11,Infrastructure,Productivity,Netherlands
934,-59302.51199999997,Europe,11,BU Support,Distribution,Spain
935,-59724.006,Europe,5,Infrastructure,Productivity,Netherlands
936,-59826.59999999999,Europe,7,Functional,R1,Germany
937,-60710.49300000004,Europe,7,BU Support,Distribution,United Kingdom
938,-61033.806,Europe,8,BU Support,Planning,France
939,-61840.51500000004,Europe,6,BU Support,Distribution,United Kingdom
940,-61849.890000000014,Europe,3,Governance,GRC,United Kingdom
941,-62433.444,Europe,7,Enablement,Enterprise Capabilities,United Kingdom
942,-62827.42500000001,Europe,6,Governance,GRC,Spain
943,-63523.35600000009,Europe,7,Infrastructure,Productivity,Ireland
944,-64394.094000000005,Europe,10,Functional,R1,Germany
945,-65097.12299999999,Europe,12,BU Support,Distribution,Spain
946,-65617.28100000002,Europe,11,Functional,R3,Belgium
947,-66386.03400000001,Europe,8,Functional,R1,Spain
948,-66823.25400000002,Europe,8,Governance,GRC,Spain
949,-67558.593,Europe,9,BU Support,Distribution,France
950,-68092.33200000001,Europe,8,Enablement,Enterprise Capabilities,United Kingdom
951,-68144.00100000016,Europe,11,BU Support,R&D,United Kingdom
952,-69368.079,Europe,9,Functional,R1,Germany
953,-70353.68700000003,Europe,5,BU Support,Distribution,United Kingdom
954,-70706.70900000002,Europe,12,Functional,R3,Belgium
955,-71325.84600000002,Europe,12,Functional,R1,Germany
956,-71490.65400000001,Europe,9,Functional,R1,Spain
957,-71749.791,Europe,11,Functional,R1,Germany
958,-71877.522,Europe,12,Governance,Administration,Germany
959,-73658.073,Europe,7,Governance,GRC,Spain
960,-73793.073,Europe,11,Governance,Administration,Germany
961,-75163.78800000002,Europe,9,BU Support,Planning,France
962,-75267.78299999997,Europe,3,Infrastructure,Productivity,Switzerland
963,-75830.02500000001,Europe,10,Governance,Administration,Germany
964,-76511.84399999998,Europe,10,BU Support,Distribution,France
965,-77653.90500000003,Europe,9,Governance,GRC,Spain
966,-77791.122,Europe,9,Governance,Administration,Germany
967,-78199.49699999992,Europe,7,BU Support,Manufacturing,Ireland
968,-78263.97600000002,Europe,4,BU Support,Distribution,United Kingdom
969,-78610.61700000003,Europe,10,Functional,R1,Spain
970,-79864.71,Europe,8,Governance,Administration,Germany
971,-80120.7479999999,Europe,11,BU Support,Manufacturing,Italy
972,-80927.46300000005,Europe,4,BU Support,Manufacturing,Italy
973,-81190.65,Europe,2,Functional,R1,Italy
974,-81263.094,Europe,7,Governance,Administration,Germany
975,-82142.27100000002,Europe,3,BU Support,Distribution,United Kingdom
976,-83466.033,Europe,6,BU Support,Manufacturing,Italy
977,-83499.87300000002,Europe,11,BU Support,Distribution,France
978,-83723.829,Europe,6,Governance,Administration,Germany
979,-84316.81799999997,Europe,5,BU Support,R&D,United Kingdom
980,-84661.98599999999,Europe,5,Governance,Administration,Germany
981,-84916.227,Europe,3,Infrastructure,Productivity,Italy
982,-85577.16300000018,Europe,10,BU Support,R&D,United Kingdom
983,-86618.96999999986,Europe,8,BU Support,Manufacturing,Ireland
984,-86723.12700000002,Europe,9,Enablement,Enterprise Capabilities,United Kingdom
985,-87430.18500000003,Europe,11,Functional,R1,Spain
986,-88484.55300000004,Europe,10,Governance,GRC,Spain
987,-88535.47200000007,Europe,6,Functional,R1,Belgium
988,-89422.83300000001,Europe,10,BU Support,Planning,France
989,-89932.91700000002,Europe,5,Governance,GRC,United Kingdom
990,-90079.08900000004,Europe,4,Infrastructure,Productivity,Ireland
991,-90752.793,Europe,1,Functional,R1,Belgium
992,-92863.90499999993,Europe,6,BU Support,R&D,United Kingdom
993,-93280.28999999992,Europe,9,BU Support,Manufacturing,Ireland
994,-93763.743,Europe,10,Enablement,Enterprise Capabilities,United Kingdom
995,-95065.161,Europe,1,Functional,R2,United Kingdom
996,-96764.41500000004,Europe,12,Functional,R1,Spain
997,-97216.27200000004,Europe,6,Infrastructure,Productivity,Ireland
998,-98467.6709999998,Europe,11,BU Support,Manufacturing,Ireland
999,-99442.42200000014,Europe,9,BU Support,R&D,United Kingdom
1000,-99621.23399999998,Europe,11,Enablement,Enterprise Capabilities,United Kingdom
1001,-100200.53100000008,Europe,12,BU Support,Distribution,France
1002,-100601.13299999991,Europe,10,BU Support,Manufacturing,Ireland
1003,-101978.553,Europe,4,Governance,GRC,United Kingdom
1004,-102851.98199999984,Europe,4,BU Support,Manufacturing,France
1005,-103679.706,Europe,4,Functional,R1,Belgium
1006,-104742.93000000012,Europe,9,Infrastructure,Productivity,Ireland
1007,-105014.17199999998,Europe,12,Enablement,Enterprise Capabilities,United Kingdom
1008,-105322.86000000004,Europe,11,Governance,GRC,Spain
1009,-105593.778,Europe,4,Governance,Administration,Germany
1010,-106215.50399999996,Europe,7,BU Support,R&D,United Kingdom
1011,-106274.36100000003,Europe,12,Governance,GRC,Spain
1012,-107877.099,Europe,11,Infrastructure,Productivity,Ireland
1013,-109950.96600000004,Europe,5,Infrastructure,Productivity,Ireland
1014,-110389.55099999996,Europe,4,Infrastructure,Productivity,Switzerland
1015,-110706.6240000001,Europe,8,Infrastructure,Productivity,Ireland
1016,-110837.1,Europe,3,Governance,Administration,Germany
1017,-111079.96800000012,Europe,7,Functional,R1,Belgium
1018,-111153.55499999996,Europe,11,BU Support,Planning,France
1019,-113535.924,Europe,10,Infrastructure,Productivity,Ireland
1020,-115561.12499999994,Europe,12,Infrastructure,Productivity,Ireland
1021,-117363.975,Europe,2,Functional,R1,Belgium
1022,-117763.11,Europe,5,BU Support,Manufacturing,Italy
1023,-124491.18899999995,Europe,3,Functional,R1,Italy
1024,-124986.12300000014,Europe,8,BU Support,R&D,United Kingdom
1025,-126524.5469999999,Europe,3,Infrastructure,Productivity,France
1026,-127512.624,Europe,5,Infrastructure,Productivity,Switzerland
1027,-138667.28099999996,Europe,7,BU Support,Manufacturing,Italy
1028,-145760.4,Europe,2,Governance,Administration,Germany
1029,-146960.811,Europe,6,Governance,GRC,United Kingdom
1030,-148568.922,Europe,12,BU Support,Planning,France
1031,-165141.43500000003,Europe,3,Functional,R1,Belgium
1032,-166265.65500000003,Europe,12,BU Support,Manufacturing,Italy
1033,-166269.81299999997,Europe,4,Functional,R1,Italy
1034,-166853.21399999992,Europe,5,Functional,R1,Belgium
1035,-166902.48600000003,Europe,8,BU Support,Manufacturing,Italy
1036,-167593.44300000006,Europe,1,Infrastructure,Data Centers,United Kingdom
1037,-168076.326,Europe,7,Governance,GRC,United Kingdom
1038,-174575.13900000002,Europe,2,Functional,R2,United Kingdom
1039,-178363.46100000013,Europe,5,Infrastructure,Networking,United Kingdom
1040,-181097.466,Europe,8,Governance,GRC,United Kingdom
1041,-190439.2859999999,Europe,12,Infrastructure,Productivity,Switzerland
1042,-192159.03599999996,Europe,9,Infrastructure,Productivity,Switzerland
1043,-195615.27300000016,Europe,9,BU Support,Manufacturing,Italy
1044,-195921.2969999999,Europe,11,Infrastructure,Productivity,Switzerland
1045,-197401.047,Europe,6,Infrastructure,Productivity,Switzerland
1046,-199650.56999999983,Europe,10,BU Support,Manufacturing,Italy
1047,-209827.98299999995,Europe,10,Infrastructure,Productivity,Switzerland
1048,-210403.173,Europe,7,Infrastructure,Productivity,Switzerland
1049,-211933.479,Europe,5,Functional,R1,Italy
1050,-215341.78199999995,Europe,9,Governance,GRC,United Kingdom
1051,-215851.73100000003,Europe,3,Functional,R2,United Kingdom
1052,-226019.157,Europe,3,Infrastructure,Networking,United Kingdom
1053,-231301.506,Europe,10,Governance,GRC,United Kingdom
1054,-234549.336,Europe,8,Infrastructure,Productivity,Switzerland
1055,-244781.45999999985,Europe,4,Infrastructure,Productivity,France
1056,-244926.96600000007,Europe,11,Governance,GRC,United Kingdom
1057,-252566.37599999987,Europe,5,Infrastructure,Productivity,France
1058,-252589.85399999985,Europe,6,Functional,R2,United Kingdom
1059,-257863.392,Europe,6,Functional,R1,Italy
1060,-260790.102,Europe,5,Functional,R2,United Kingdom
1061,-267706.6110000001,Europe,2,Infrastructure,Data Centers,United Kingdom
1062,-269517.174,Europe,12,Governance,GRC,United Kingdom
1063,-278324.313,Europe,4,Functional,R2,United Kingdom
1064,-278509.73399999994,Europe,6,Infrastructure,Networking,United Kingdom
1065,-284880.282,Europe,1,Infrastructure,Networking,United Kingdom
1066,-303416.8109999999,Europe,7,Functional,R1,Italy
1067,-306690.48600000003,Europe,4,Infrastructure,Networking,United Kingdom
1068,-309440.04299999983,Europe,7,Infrastructure,Networking,United Kingdom
1069,-316248.3869999999,Europe,9,Infrastructure,Productivity,France
1070,-318733.9650000005,Europe,10,Infrastructure,Data Centers,United Kingdom
1071,-322079.5560000008,Europe,12,Infrastructure,Data Centers,United Kingdom
1072,-325370.59800000023,Europe,5,Infrastructure,Data Centers,United Kingdom
1073,-328564.1879999994,Europe,9,Infrastructure,Networking,United Kingdom
1074,-329211.1799999998,Europe,7,Infrastructure,Productivity,France
1075,-338986.3499999996,Europe,8,Infrastructure,Productivity,France
1076,-340545.792,Europe,4,Infrastructure,Data Centers,Ireland
1077,-341340.2939999999,Europe,6,Infrastructure,Productivity,France
1078,-344368.91699999943,Europe,8,Infrastructure,Networking,United Kingdom
1079,-348892.971,Europe,8,Functional,R1,Italy
1080,-364279.182,Europe,2,Infrastructure,Networking,United Kingdom
1081,-381246.1050000007,Europe,11,Infrastructure,Data Centers,United Kingdom
1082,-392293.9980000004,Europe,9,Infrastructure,Data Centers,United Kingdom
1083,-394431.636,Europe,9,Functional,R1,Italy
1084,-395570.46900000016,Europe,3,Infrastructure,Data Centers,United Kingdom
1085,-419203.2990000004,Europe,8,Infrastructure,Data Centers,United Kingdom
1086,-424732.518,Europe,5,Infrastructure,Data Centers,Ireland
1087,-426345.0059999998,Europe,10,Infrastructure,Productivity,France
1088,-435751.8630000004,Europe,6,Infrastructure,Data Centers,United Kingdom
1089,-440125.296,Europe,10,Functional,R1,Italy
1090,-440292.3150000002,Europe,4,Infrastructure,Data Centers,United Kingdom
1091,-448598.733,Europe,7,Functional,R2,United Kingdom
1092,-452163.7590000002,Europe,7,Infrastructure,Data Centers,United Kingdom
1093,-485453.883,Europe,11,Functional,R1,Italy
1094,-488957.6099999999,Europe,11,Infrastructure,Productivity,France
1095,-491289.588,Europe,8,Functional,R2,United Kingdom
1096,-500163.9089999993,Europe,12,Infrastructure,Productivity,France
1097,-508942.629,Europe,6,Infrastructure,Data Centers,Ireland
1098,-531407.727,Europe,12,Functional,R1,Italy
1099,-531902.8439999996,Europe,10,Infrastructure,Networking,United Kingdom
1100,-552233.0730000003,Europe,11,Infrastructure,Networking,United Kingdom
1101,-566081.3190000001,Europe,12,Infrastructure,Networking,United Kingdom
1102,-585295.3349999997,Europe,9,Functional,R2,United Kingdom
1103,-593146.644,Europe,7,Infrastructure,Data Centers,Ireland
1104,-677355.7080000001,Europe,8,Infrastructure,Data Centers,Ireland
1105,-683128.2119999996,Europe,10,Functional,R2,United Kingdom
1106,-744281.648999999,Europe,11,Functional,R2,United Kingdom
1107,-761558.7180000001,Europe,9,Infrastructure,Data Centers,Ireland
1108,-845796.7050000001,Europe,10,Infrastructure,Data Centers,Ireland
1109,-898913.5260000001,Europe,12,Functional,R2,United Kingdom
1110,-930011.1,Europe,11,Infrastructure,Data Centers,Ireland
1111,-1014263.2410000002,Europe,12,Infrastructure,Data Centers,Ireland
